"","model","null","moist"
"1","1","2500.74133931821 5.14794506217703","1623.37515659208 5.32167639269745"
