"","mean","sd"
"1",1728.23649358014,4.8734882152857
"2",1371.97549788964,5.52911383093225
