"","model","null","moist"
"1","1","2527.30300064873 4.4747081195818","1621.54853806274 4.76911173165886"
