"","mean","sd"
"1",2485.80373380961,7.45527031310405
"2",1958.34088615102,8.76892446523687
"3",1689.35617640503,10.3654198246973
