"","model","null","moist"
"1",1,3275.02560887419,2017.44406986266
